Workbook

Sheet Stakeholder List
A1: Stakeholder List
A2: Job Title | B2: Role | C2: Stakeholder Organization | D2: Comments | E2: Influence | F2: Impact
A3: Bilavasitə Maraqlı Tərəflər (Business Stakeholders)
A4: Dövlət / Tənzimləyici Qurumlar
A5: Nəqliyyat Nazirliyi | B5: Decision Maker | C5: Dövlət | D5: Məsafə əsaslı tarif modelinin qanunvericilik çərçivəsini müəyyən edir; siyasi qərarları verir. | E5: =IFERROR(VLOOKUP(A5,'Stakeholder Analysis'!$A$1:$F$96,3,FALSE()),"High") -> High | F5: High
A6: Bakı Nəqliyyat Agentliyi - AYNA | B6: Decision Maker | C6: Dövlət | D6: Sistemin əsas sifarişçisi və operativ idarəedicisi; tarif siyasətini, KPI-ları və pilot marşrutları müəyyən edir. | E6: =IFERROR(VLOOKUP(A6,'Stakeholder Analysis'!$A$1:$F$96,3,FALSE()),"High") -> High | F6: High
A7: Maliyyə Nazirliyi | B7: Key Stakeholder | C7: Dövlət | D7: Subsidiya büdcəsini təsdiqləyir; gəlir modelinin maliyyə dayanıqlılığını qiymətləndirir. | E7: =IFERROR(VLOOKUP(A7,'Stakeholder Analysis'!$A$1:$F$96,3,FALSE()),"High") -> High | F7: High
A8: Antiinhisar Komitəsi | B8: Key Stakeholder | C8: Dövlət | D8: Tarif artışlarının ədalətliliyini və rəqabət uyğunluğunu nəzarət altında saxlayır. | E8: =IFERROR(VLOOKUP(A8,'Stakeholder Analysis'!$A$1:$F$96,3,FALSE()),"Medium") -> Medium | F8: High
A9: Avtobus Operatorları / Xidmət Təminatçıları
A10: CEO / Baş Direktor | B10: Decision Maker | C10: Avtobus şirkəti | D10: Yeni tarif modelinin əməliyyat xərclərinə və gəlirinə təsirini qiymətləndirir; müqaviləni imzalayır. | E10: =IFERROR(VLOOKUP(A10,'Stakeholder Analysis'!$A$1:$F$96,3,FALSE()),"High") -> High | F10: High
A11: Əməliyyat Direktoru | B11: Key Stakeholder | C11: Avtobus şirkəti | D11: Marşrut cədvəlini, sürücü işini və avtobus parkını yeni sistemə uyğunlaşdırır. | E11: =IFERROR(VLOOKUP(A11,'Stakeholder Analysis'!$A$1:$F$96,3,FALSE()),"High") -> High | F11: High
A12: Maliyyə Direktoru (CFO) | B12: Key Stakeholder | C12: Avtobus şirkəti | D12: Gəlir bölgüsü modelini, xərc hesabatlarını və gəlir proqnozunu hazırlayır. | E12: =IFERROR(VLOOKUP(A12,'Stakeholder Analysis'!$A$1:$F$96,3,FALSE()),"High") -> High | F12: High
A13: Avtobus Sürücüləri | B13: Operational | C13: Avtobus şirkəti | D13: Yalnız marşrutun cədvələ uyğun icrası, sərnişinlərin minib-enmə processinə nəzarət | E13: =IFERROR(VLOOKUP(A13,'Stakeholder Analysis'!$A$1:$F$96,3,FALSE()),"Medium") -> Medium | F13: High
A14: Ödəniş Sistem Operatoru - Nəzarətçi | B14: Operational | C14: Avtobus şirkəti | D14: Gündəlik olaraq tap-in/tap-out sistemini idarə edir; nasazlıq anlarında müdaxilə edir. | E14: =IFERROR(VLOOKUP(A14,'Stakeholder Analysis'!$A$1:$F$96,3,FALSE()),"Medium") -> Medium | F14: High
A15: Dispatcher / Əməliyyat Meneceri | B15: Operational | C15: Avtobus şirkəti | D15: Real-time avtobus izlənməsini, gecikmələri və nasazlıqları idarə edir. | E15: =IFERROR(VLOOKUP(A15,'Stakeholder Analysis'!$A$1:$F$96,3,FALSE()),"Medium") -> Medium | F15: Medium
A16: Sərnişinlər (Son İstifadəçilər)
A17: Gündəlik sərnişinlər | B17: End User | C17: İctimaiyyət | D17: Hər gün eyni marşrut ilə işə gedirlər; tarif dəyişikliyindən birbaşa maliyyə təsiri görürlər. | E17: =IFERROR(VLOOKUP(A17,'Stakeholder Analysis'!$A$1:$F$96,3,FALSE()),"Low") -> Low | F17: High
A18: Güzəştli Qruplar (pensiyaçı, əlil) | B18: End User | C18: İctimaiyyət | D18: Sosial qorunma tələb edir; mövcud güzəştlərinin yeni sistemdə qorunması kritikdir. | E18: =IFERROR(VLOOKUP(A18,'Stakeholder Analysis'!$A$1:$F$96,3,FALSE()),"Low") -> Low | F18: High
A19: Tələbələr / Gənclər | B19: End User | C19: İctimaiyyət | D19: Qısa məsafəli tez-tez istifadəçilər; rəqəmsal tətbiq istifadəsinə daha hazırdırlar. | E19: =IFERROR(VLOOKUP(A19,'Stakeholder Analysis'!$A$1:$F$96,3,FALSE()),"Low") -> Low | F19: High
A20: Turistlər / Birdəfəlik İstifadəçilər | B20: End User | C20: İctimaiyyət | D20: Sistem şəffaflığına ehtiyac duyurlar; kartı olmadan alternativ ödəniş yolu lazımdır. | E20: =IFERROR(VLOOKUP(A20,'Stakeholder Analysis'!$A$1:$F$96,3,FALSE()),"Low") -> Low | F20: Medium
A21: Uzun Məsafəli Sərnişinlər | B21: End User | C21: İctimaiyyət | D21: Tarif artışından ən çox təsirlənəcək qrup; sistem dəyişikliyinə müqavimətin əsas mənbəyi ola bilər. | E21: =IFERROR(VLOOKUP(A21,'Stakeholder Analysis'!$A$1:$F$96,3,FALSE()),"Medium") -> Medium | F21: High
A22: Layihə / Həll Tərəfləri (Solution Stakeholders)
A23: Layihə Komandası
A24: Layihə Sponsoru (Agentlik rəhbəri) | B24: Decision Maker | C24: Layihə | D24: Layihənin maliyyəsini, strateji istiqamətini və son qərarları təsdiqləyir. | E24: =IFERROR(VLOOKUP(A24,'Stakeholder Analysis'!$A$1:$F$96,3,FALSE()),"High") -> High | F24: High
A25: Layihə Meneceri | B25: Key Stakeholder | C25: Layihə | D25: Layihənin icrasını, cədvəlini, risklərini və stakeholder koordinasiyasını idarə edir. | E25: =IFERROR(VLOOKUP(A25,'Stakeholder Analysis'!$A$1:$F$96,3,FALSE()),"High") -> High | F25: High
A26: Biznes Analitik | B26: Key Stakeholder | C26: Layihə | D26: Tələbləri toplayır, As-Is/To-Be prosesləri modelləşdirir, edge case-ləri müəyyən edir. | E26: Medium | F26: High
A27: Texnologiya Təminatçısı (vendor) | B27: Key Stakeholder | C27: Texnologiya | D27: GPS, tap-in/tap-out, ödəniş back-end sistemlərini təmin edir və quraşdırır. | E27: =IFERROR(VLOOKUP(A27,'Stakeholder Analysis'!$A$1:$F$96,3,FALSE()),"High") -> High | F27: High
A28: Backend Developer | B28: Operational | C28: Texnologiya | D28: Tarif hesablama mühərrikini, API inteqrasiyalarını və verilənlər bazasını işləyir. | E28: =IFERROR(VLOOKUP(A28,'Stakeholder Analysis'!$A$1:$F$96,3,FALSE()),"Medium") -> Medium | F28: High
A29: UX/UI Dizayner | B29: Operational | C29: Texnologiya | D29: Sərnişin tətbiqinin, kiosk interfeysinin və sürücü panelinin istifadəçi təcrübəsini dizayn edir. | E29: =IFERROR(VLOOKUP(A29,'Stakeholder Analysis'!$A$1:$F$96,3,FALSE()),"Medium") -> Medium | F29: Medium
A30: QA Mühəndisi | B30: Operational | C30: Texnologiya | D30: GPS dəqiqliyi, tarif hesablaması və fraud ssenariləri daxil olmaqla bütün sistemləri test edir. | E30: =IFERROR(VLOOKUP(A30,'Stakeholder Analysis'!$A$1:$F$96,3,FALSE()),"Medium") -> Medium | F30: Medium
A31: Kibertəhlükəsizlik Mütəxəssisi | B31: Key Stakeholder | C31: Texnologiya | D31: Sərnişin məlumatlarının şifrələnməsini, giriş nəzarətini və GDPR uyğunluğunu təmin edir. | E31: =IFERROR(VLOOKUP(A31,'Stakeholder Analysis'!$A$1:$F$96,3,FALSE()),"High") -> High | F31: High

Sheet Stakeholder Analysis
A1: Stakeholder Analysis
A2: Job Title | B2: Department | C2: Influence | D2: Interest | E2: Impact | F2: Engagement Strategy
A3: Dövlət / Tənzimləyici Qurumlar
A4: Nəqliyyat Nazirliyi | B4: Dövlət | C4: High | D4: High | E4: High | F4: Manage Closely
A5: Bakı Nəqliyyat Agentliyi | B5: Dövlət | C5: High | D5: High | E5: High | F5: Manage Closely
A6: Maliyyə Nazirliyi | B6: Dövlət | C6: High | D6: High | E6: High | F6: Manage Closely
A7: Antiinhisar Komitəsi | B7: Dövlət | C7: Medium | D7: High | E7: High | F7: Keep Informed
A8: Avtobus Operatorları / Xidmət Təminatçıları
A9: CEO / Baş Direktor | B9: Avtobus şirkəti | C9: High | D9: High | E9: High | F9: Manage Closely
A10: Əməliyyat Direktoru | B10: Avtobus şirkəti | C10: High | D10: High | E10: High | F10: Manage Closely
A11: Maliyyə Direktoru (CFO) | B11: Avtobus şirkəti | C11: High | D11: High | E11: High | F11: Manage Closely
A12: Avtobus Sürücüləri | B12: Avtobus şirkəti | C12: Medium | D12: High | E12: High | F12: Keep Informed
A13: Dispatcher / Əməliyyat Meneceri | B13: Avtobus şirkəti | C13: Medium | D13: Medium | E13: Medium | F13: Keep Informed
A14: Sərnişinlər (Son İstifadəçilər)
A15: Gündəlik Komyuterlər | B15: İctimaiyyət | C15: Low | D15: High | E15: High | F15: Keep Informed
A16: Güzəştli Qruplar (pensiyaçı, əlil) | B16: İctimaiyyət | C16: Low | D16: High | E16: High | F16: Keep Informed
A17: Tələbələr / Gənclər | B17: İctimaiyyət | C17: Low | D17: High | E17: High | F17: Keep Informed
A18: Turistlər / Birdəfəlik İstifadəçilər | B18: İctimaiyyət | C18: Low | D18: Medium | E18: Medium | F18: Monitor
A19: Uzun Məsafəli Sərnişinlər | B19: İctimaiyyət | C19: Medium | D19: High | E19: High | F19: Keep Informed
A20: Layihə Komandası
A21: Layihə Sponsoru (Agentlik rəhbəri) | B21: Layihə | C21: High | D21: High | E21: High | F21: Manage Closely
A22: Layihə Meneceri | B22: Layihə | C22: High | D22: High | E22: High | F22: Manage Closely
A23: Biznes Analitik | B23: Layihə | C23: High | D23: High | E23: High | F23: Manage Closely
A24: Texnologiya Təminatçısı (vendor) | B24: Texnologiya | C24: High | D24: High | E24: High | F24: Manage Closely
A25: Backend Developer | B25: Texnologiya | C25: Medium | D25: High | E25: High | F25: Keep Informed
A26: UX/UI Dizayner | B26: Texnologiya | C26: Medium | D26: Medium | E26: Medium | F26: Keep Informed
A27: QA Mühəndisi | B27: Texnologiya | C27: Medium | D27: High | E27: High | F27: Keep Informed
A28: Kibertəhlükəsizlik Mütəxəssisi | B28: Texnologiya | C28: High | D28: High | E28: High | F28: Manage Closely

Sheet RACI Matrix
A1: RACI Matrix
A2: Responsible (Task owner, accountable for completion)
A3: Accountable (Decision-maker, responsible for project success)
A4: Consulted (Provides input/advice, not responsible for completion)
A5: Informed (Kept up-to-date, not involved in decision-making)
A6: Tasks | B6: Layihə Sponsoru | C6: Layihə Meneceri | D6: Biznes Analitik | E6: Texnologiya Vendor | F6: Backend Dev | G6: QA Mühəndisi | H6: Agentlik / Operator | I6: Sərnişinlər
A7: Tarif Sistemi Dizaynı
A8: Məsafə əsaslı tarif modelinin dizaynı | B8: A | C8: R | D8: R | E8: C | F8: I | G8: I | H8: C | I8: I
A9: Minimum tarif və məsafə dərəcəsinin müəyyəni | B9: A | C9: R | D9: R | E9: C | F9: I | G9: I | H9: C | I9: I
A10: Güzəştli qrup endirimlərinin tərtibi | B10: A | C10: C | D10: R | E10: I | F10: I | G10: I | H10: R | I10: C
A11: Transfer qaydaları və pəncərəsinin dizaynı | B11: I | C11: C | D11: A/R | E11: C | F11: I | G11: I | H11: R | I11: I
A12: Edge case-lərin müəyyəni (tap-out yoxdur, GPS kəsilir) | B12: I | C12: C | D12: A/R | E12: C | F12: I | G12: I | H12: C | I12: I
A13: Texniki İnfrastruktur
A14: GPS / tap-in / tap-out sisteminin quraşdırılması | B14: I | C14: A | D14: C | E14: R | F14: R | G14: C | H14: C | I14: I
A15: Ödəniş back-end sisteminin hazırlanması | B15: I | C15: A | D15: C | E15: R | F15: R | G15: C | H15: C | I15: I
A16: Ağıllı kart / mobil tətbiqin inkişafı | B16: I | C16: A | D16: C | E16: R | F16: R | G16: C | H16: C | I16: I
A17: Kibertəhlükəsizlik və şifrələmə tətbiqi | B17: I | C17: C | D17: C | E17: A/R | F17: R | G17: C | H17: C | I17: I
A18: Mövcud sistemlərlə inteqrasiya | B18: I | C18: A | D18: C | E18: R | F18: R | G18: C | H18: C | I18: I
A19: Test və Keyfiyyət
A20: Tarif hesablama mühərrikinin testi | B20: I | C20: C | D20: C | E20: C | F20: R | G20: A | H20: C | I20: I
A21: GPS dəqiqliyi və fraud ssenarilərinin testi | B21: I | C21: C | D21: C | E21: C | F21: R | G21: A | H21: I | I21: I
A22: İstifadəçi qəbul testi (UAT) | B22: I | C22: C | D22: A | E22: C | F22: C | G22: R | H22: C | I22: R
A23: Pilot marşrutda sınaq və rəy toplanması | B23: A | C23: R | D23: R | E23: C | F23: I | G23: C | H23: R | I23: C
A24: İdarəetmə və Nəzarət
A25: SLA-ların müəyyəni və monitorinqi | B25: A | C25: R | D25: R | E25: C | F25: I | G25: I | H25: R | I25: I
A26: Gəlir hesabatları və analitika dashboard-u | B26: I | C26: A | D26: R | E26: C | F26: R | G26: I | H26: C | I26: I
A27: Risk analizi və azaltma planı | B27: C | C27: A/R | D27: R | E27: R | F27: I | G27: I | H27: C | I27: I
A28: Tarif şikayət mexanizminin idarəsi | B28: I | C28: C | D28: C | E28: I | F28: I | G28: I | H28: A/R | I28: R
A29: Subsidi̇ya şəffaflığı hesabatı | B29: A | C29: C | D29: R | E29: I | F29: I | G29: I | H29: R | I29: I
A30: Dəyişiklik İdarəetməsi
A31: İctimai kommunikasiya kampaniyası | B31: A | C31: R | D31: C | E31: I | F31: I | G31: I | H31: R | I31: C
A32: Sürücü təlimi və adaptasiyası | B32: I | C32: C | D32: C | E32: C | F32: R | G32: I | H32: A | I32: I
A33: Sərnişin məlumatlandırma proqramı | B33: A | C33: R | D33: C | E33: I | F33: I | G33: I | H33: R | I33: C
A34: Güzəştli kart paylanması proqramı | B34: A | C34: R | D34: C | E34: I | F34: I | G34: I | H34: R | I34: C
A35: Geri bildiriş toplanması və optimallaşdırma planı | B35: I | C35: C | D35: A/R | E35: C | F35: I | G35: I | H35: C | I35: R
